,Name,Gender,City,State,Email,DOB,Picture
0,Kristin Leonhardt,female,Heinsberg,Brandenburg,kristin.leonhardt@example.com,1988-06-03T15:30:50.440Z,https://randomuser.me/api/portraits/women/82.jpg
1,Hansjörg Jakobs,male,Halle (Saale),Brandenburg,hansjorg.jakobs@example.com,1989-04-20T13:37:36.906Z,https://randomuser.me/api/portraits/men/15.jpg
2,Erdal Blau,male,Naila,Nordrhein-Westfalen,erdal.blau@example.com,1959-09-07T04:43:54.966Z,https://randomuser.me/api/portraits/men/48.jpg
3,Jimmy Oliver,male,Warrnambool,Victoria,jimmy.oliver@example.com,1954-12-11T03:22:52.523Z,https://randomuser.me/api/portraits/men/78.jpg
4,رضا رضایی,male,گرگان,فارس,rd.rdyy@example.com,1959-11-13T01:19:34.084Z,https://randomuser.me/api/portraits/men/47.jpg
5,Lourdes Alvarez,female,Jerez de la Frontera,Comunidad Valenciana,lourdes.alvarez@example.com,1996-03-02T04:44:20.367Z,https://randomuser.me/api/portraits/women/34.jpg
6,Maria Patel,female,New Plymouth,West Coast,maria.patel@example.com,1984-12-08T11:44:56.115Z,https://randomuser.me/api/portraits/women/51.jpg
7,Geoff Knight,male,Kinsale,Donegal,geoff.knight@example.com,1958-07-05T19:54:39.846Z,https://randomuser.me/api/portraits/men/43.jpg
8,Antonio Velasco,male,Ciudad Real,Comunidad Valenciana,antonio.velasco@example.com,1959-09-25T16:31:44.744Z,https://randomuser.me/api/portraits/men/55.jpg
9,Chloe Wright,female,Wellington,West Coast,chloe.wright@example.com,1978-02-16T02:40:30.208Z,https://randomuser.me/api/portraits/women/4.jpg
